spanish;english
acomodar;accommodate
aconsejar;advise
acostumbrar;accustom
activar;activate
acumular;accumulate
adaptar;adapt
adelantar;forward
adivinar;guess
afirmar;claim
afrontar;face
agotar;sell out
agravar;aggravate
agrupar;group
aguantar;endure
aguardar;wait for
ahorrar;save
aislar;isolate
alejar;take away
alertar;alert
almacenar;store
alojar;host
animar;animate
anotar;take notes
anticipar;anticipate
anular;cancel
apartar;separate
apelar;appeal
aportar;provide
apoyar;support
aprovechar;take advantage
aproximar;approach
argumentar;argue
arrastrar;drag
arrojar;throw
asegurar;secure
asomar;show, peek
acariciar;caress
aliviar;alleviate
apreciar;appreciate
asociar;associate
abonar;pay, fertilise
abordar;address, approach, tackle
abortar;abort, cancel
descansar;rest
abrumar;overcome, overwhelm, exhaust
abusar;abuse, misuse
acabar;finish, end, stop
acampar;camp, go camping
acelerar;accelerate, speed up, expedite
aceptar;accept, agree to, take sb./sth
acompañar;accompany, go with sb., join sb./sth.
acusar;accuse sb. of sth., blame sb. for sth.
adeudar;owe
administrar;manage, administer, dispense
admirar;admire, look up
adobar;baste sth, pickle sth.
adoptar;adopt
adornar;decorate, garnish
afamar ;promote, fame
afectar;affect, influence sb./sth.
afilar;sharpen
afinar;refine, tune up
aflojar;loosen, undo sth.
agachar;bend
agarrar;grab, grasp, take
agitar;shake, agitate, stir
ajustar;adjust, adapt
alabar;praise, commend
alarmar;alarm, startle sb., frighten sb./sth.
alegrar;cheer up, brighten sb./sth.
alimentar;nurture, feed, fuel
alisar;smooth, straighten
alistar;get ready
alquilar;rent
alterar;alter, change
amar;love
amputar;amputate, cut off
amueblar;furnish
anhelar;long, wish, look forward
anunciar;announce, advertise, declare
apestar;smell, stink
apilar;stack, pile
aplastar;crush
apuntar;aim
apurar;hasten
arañar;scratch
lograr;achieve, reach, accomplish
arar;plough
armar;build
arreglar;fix, arrange, repair
arropar;wrap up
articular;articulate
asar;roast, grill sth.
asear;tidy sth. up
asesorar;advise, counsel sb./sth.
asignar;assign, allocate
asimilar;assimilate, take sth. in
aspirar;pursue sth., vacuum sth.
asustar;frighten, scare
atar;tie, bind sb./sth.
atornillar;screw
atrapar;catch, trap
auditar;audit
aumentar;increase, enhance
ayudar;help, assist sb./sth.
bailar;dance
brillar;shine
brindar;give
brotar;sprout
burlar;cheat
bajar;lower, decrease
bañar;bathe, coat sth.
besar;kiss
borrar;delete, erase
bordar;embroider
calcular;calculate
callar;silence
calmar;calm
cambiar;change
caminar;walk
cancelar;cancel
cansar;get tired
cantar;sing
capacitar;train
captar;get
capturar;capture
casar;marry
causar;cause, create
cenar;have dinner, dine
citar;quote sb./sth.
crear;create
curar;cure, heal
dañar;damage, harm, injure
depositar;deposit, deliver
dejar;stop, allow, quit
desayunar;have breakfast
desear;desire, wish
doblar;bend, double, fold
donar;donate, give
drenar;drain
duchar;shower
echar;pour
editar;edit, modify sth.
egresar;graduate
ejercitar;exercise, train sb./sth.
elaborar;develop, prepare sth.
elogiar;commend, praise
emigrar;migrate
empujar;push sb./sth., shove sb./sth.
enflorar;adorn with flowers
enrollar;roll, wind, coil
envenenar;poison
estafar;defraud
esperar;wait
estimar;estimate, cost, calculate
estorbar;hinder sb./sth.
estudiar;study, examine
evitar;avoid
exclamar;exclaim
expirar;expire
explotar;exploit, develop
exportar;export
fumar;smoke
ganar;win, gain, earn
gastar;spend
girar;turn
golpear;hit sb./sth.
grabar;record
habilitar;enable sb./sth.
habitar;inhabit
hablar;speak, talk
heredar;inherit
holgazanear;slack
honrar;honor, grace
humectar;moisturize
humillar;humiliate
hurtar;steal
idear;devise, design
ignorar;ignore, disregard
igualar;match
ilusionar;deceive
ilustrar;illustrate
imaginar;imagine
impactar;impact
implementar;implement
importar;import, matter, care
imposibilitar;preclude
impresionar;impress
improvisar;improvise
impulsar;drive, boost, push, power
inaugurar;inaugurate, open
incapacitar;incapacitate, disable
incentivar;incentivize
incitar;incite, encourage, prompt
inclinar;tilt, tip sth.
incomodar;discomfort sb.
incorporar;incorporate
incrementar;increase, augment
incrustar;embed
incubar;hatch, incubate
infectar;infect
infiltrar;infiltrate
influenciar;influence, bias
inhabilitar;disable
inhalar;inhale
iniciar;start, begin, initiate
innovar;innovate
inspeccionar;inspect, scan sth., examine
inspirar;inspire
instalar;install
insultar;insult
intentar;try, attempt
intercalar;insert, intersperse
intercambiar;exchange, swap
intimidar;intimidate, bully
invalidar;invalidate, override
inventar;invent, create
invitar;invite
involucrar;involve, engage
inyectar;inject
irradiar;radiate, shine
irrespetar;disrespect, ignore
irritar;irritate, annoy
jalar;pull
juntar;join, gather
jurar;swear, vow
laborar;work
labrar;plow
ladrar;bark
laminar;laminate
lapidar;stone
lastimar;hurt, harm
lavar;wash, rinse
legislar;legislate, enact laws
levitar;levitate
liberar;release, unleash
licitar;bid
liderar;lead, pioneer
lidiar;deal, cope
limar;file, polish
limitar;limit, restrict
limpiar;clean, wipe
linchar;lynch
llamar;call, summon
llenar;fill, populate
llevar;carry, conduct
llorar;cry, weep
lloviznar;drizzle
luchar;fight, strive
madurar;mature, ripen
magullar;bruise
malinterpretar;misinterpret, misunderstand
maltratar;mistreat, abuse
mandar;send, order
manchar;stain, soil
manejar;drive, handle
maniobrar;maneuver
manipular;manipulate, tamper
mapear;map
maquillar;make up
maquinar;engineer, intrigue
marchar;march
matricular;register, enroll
meditar;meditate, reflect
mejorar;improve, enhance
mencionar;mention, name
menear;wag, swish
menospreciar;underestimate, despise
mezclar;mix, blend
migrar;migrate
mimar;pamper, spoil
mirar;look, gaze
modelar;model, shape
moldear;mold
molestar;disturb, annoy
monitorear;monitor, track
mordisquear;chew
motivar;motivate, inspire
multar;fine, ticket
nadar;swim
narrar;tell, narrate
necesitar;need, require
negociar;negotiate, deal
nombrar;name, appoint
nominar;nominate
noquear;knock out
notar;note, notice
nublar;cloud, blur
objetar;object, refute
obrar;work, act
obsequiar;give, treat
observar;observe, notice
obsesionar;obsess
ocasionar;cause, create
odiar;hate
ofertar;offer, bid
olfatear;sniff, scent
olvidar;forget
optar;opt, select
orar;pray
ordenar;order, command
ordeñar;milk
operar;operate
opinar;voice, comment on
orientar;guide, direct
originar;cause, originate
orquestar;orchestrate
oxidar;oxidize, rust
oxigenar;oxygenate
pactar;covenant, compromise
palpar;feel, palpate
parar;stop, pause
participar;participate, engage
pasar;spend, pass, happen
pasear;walk, stroll
pastar;graze, pasture
patentar;patent
patinar;skate, skid
patrocinar;sponsor
patrullar;patrol
pausar;pause
peinar;comb, style
pelar;peel, skin
pelear;fight, argue
penetrar;penetrate, enter
pensionar;pension
perdonar;forgive, spare
perfeccionar;perfect, improve
perforar;drill, perforate
perfumar;perfume, scent
perseverar;persevere, persist
perturbar;disrupt, disturb
pesar;weigh
pestañear;blink, wink
picotear;peck
pilotear;pilot, drive
pintar;paint, portray
pisar;step, foot
pisotear;trample, stamp
pitar;beep, honk
planchar;iron, press
plantear;raise, pose
plasmar;depict, reflect
podar;prune, crop
porracear;thrash
portar;carry, wear
posar;pose, model
precipitar;precipitate, rush
predeterminar;predetermine, preset
predominar;predominate, prevail
prefigurar;prefigure, foreshadow
preguntar;ask, question
preocupar;concern, worry
preparar;prepare, make
presenciar;witness, attend
presentar;submit, file
preservar;preserve, conserve
presionar;pressure, press
presupuestar;budget, estimate
procesar;process, prosecute
procrastinar;procrastinate
procrear;procreate, breed
procurar;ensure, try
profanar;desecrate, profane
programar;schedule, program
progresar;progress, advance
proliferar;proliferate
promediar;average
promocionar;promote, advertise
pronunciar;pronounce, utter
proporcionar;provide, give
propulsar;propel
prosperar;prosper, thrive
protestar;protest, complain
quedar;stay, remain
quemar;burn, sear
quitar;remove, strip
racionar;ration
rasguñar;scratch
raspar;scrape
rasurar;shave
rayar;scratch
reaccionar;react, respond
reactivar;reactivate, revive
reafirmar;reaffirm, bolster
reagrupar;regroup, rearrange
reajustar;readjust, reset
rebajar;lower, reduce
rebalsar;spill
rebanar;slice, cut
rebotar;bounce, rebound
recapacitar;reconsider
recaudar;raise, collect
recetar;prescribe
recitar;recite, repeat
reclamar;claim, reclaim
recobrar;gain, recover
recolectar;collect, harvest
recompensar;reward, compensate
recortar;cut, trim
recrear;recreate, replicate
recuperar;recover, regain
redactar;draft, write
redondear;round
refinar;refine, polish
reflexionar;reflect, consider
reforestar;reforest
reformar;reform, overhaul
refugiar;shelter
refutar;refute, rebute
regalar;give, give away
regañar;scold, tell off
regatear;bargain, haggle
registrar;record, log
regocijar;rejoice
regresar;return, come back
rehabilitar;rehabilitate, reinstate
reinar;reign, rule
reiniciar;restart, reboot
reintegrar;reintegrate, refund
relatar;tell, narrate
rellenar;fill, complete
remar;row, paddle
rembolsar;reimburse, repay
remediar;remedy, alleviate
remojar;soak
remunerar;remunerate, compensate
rentar;rent, lease
renunciar;give up, quit
reorientar;redirect, realign
reparar;repair, fix
repasar;review, rework
representar;represent, picture
reprochar;reproach, blame
respaldar;support, endorse
respetar;respect, honor
respirar;breathe, inhale
restar;subtract, deduct
restaurar;restore, refurbish
resucitar;revive, resurrect
retar;challenge, defy
retirar;withdraw, take away
retrasar;delay, slow
retratar;portray, render
revelar;reveal, disclose
revolotear;flit
rifar;raffle
robar;steal, lift
ronronear;purr
rotar;rotate
rotular;label
saborear;taste
sabotear;sabotage
saciar;quench, satiate
saltar;jump, skip
saltear;sauté
saludar;greet, salute
salvaguardar;safeguard, protect
salvar;save, rescue
sanar;heal, recuperate
sancionar;punish, sanction
sancochar;parboiling
saquear;loot, plunder
saturar;saturate
sazonar;season, spice
seccionar;section, divide
segmentar;segment, section
sellar;seal, stamp
señalar;point, indicate
sentenciar;sentence, convict
separar;separate, part
silbar;whistle
silenciar;silence, mute
simular;simulate, fake
sobar;knead, touch
sobrestimar;overestimate
sobrellevar;cope with, endure
socavar;undermine, undercut
solicitar;request, apply
solucionar;solve, fix
solventar;resolve, settle
sombrear;shade
sondear;probe, survey
soplar;blow
soportar;support, bear
sospechar;suspect
subastar;auction
subcontratar;outsource, subcontract
subestimar;underestimate, undervalue
subrayar;stress, underline
succionar;suck
sudar;sweat
sujetar;hold, secure
sumar;add, sum
suministrar;provide, supply
superar;overcome, exceed
suplantar;supplant, impersonate
suspirar;sigh
sustentar;sustain
susurrar;whisper, murmur
suturar;suture, stitch
tachar;cross out, strike
tantear;grope, try
tapar;cover, fill
telefonear;call, phone
televisar;televise
terminar;end, complete
tertuliar;talk
timar;diddle, cheat
timbrar;stamp
tirar;pull, throw
tiritar;shiver, shake
titubear;hesitate, waver
tolerar;tolerate, accept
tomar;take, drink
tontear;mess around
atormentar;torment, plague
trabajar;work, operate
traicionar;betray
tramar;plot, scheme
tramitar;process
transfigurar;transfigure
transformar;transform, convert
transitar;transit, circulate
transpirar;sweat, perspire
transportar;transport, carry
trasladar;move, transfer
trasnochar;overnight
tratar;try, deal with
trepar;climb
abarcar;cover, include
acercar;zoom in
adjudicar;award
calificar;grade
aparcar;park, pull over
aplicar;apply, implement
arrancar;start, pull
buscar;look, search
edificar;build, construct
empacar;pack, bag
enfocar;focus
hipotecar;mortgage
identificar;identify, pinpoint
implicar;involve, imply
inculcar;inculcate, instill
indicar;indicate, point
intoxicar;poison, intoxicate
invocar;invoke, plead
justificar;justify, excuse
lubricar;lubricate, oil
machacar;crush, mash
marcar;mark, dial
medicar;medicate, dose
mortificar;mortify
multiplicar;multiply, proliferate
notificar;inform, notify
opacar;obscure
pecar;sin, err
personificar;personify, embody
pescar;fish, hook
picar;chop, bite
planificar;plan, schedule
plastificar;laminate
platicar;talk, chat
predicar;preach
pronosticar;predict, forecast
provocar;cause, make
publicar;publish, post
purificar;purify, clear
ramificar;branch
rascar;scratch, scrape
ratificar;ratify, confirm
rectificar;rectify, correct
reedificar;rebuild
refrescar;refresh, cool
reivindicar;claim, assert
roncar;snore
sacar;take, remove
salpicar;splash, splatter
secar;dry, cure
simplificar;simplify, streamline
sofocar;stifle, smother
solidificar;solidify, strengthen
suplicar;plead, beg
testificar;testify, give evidence
tocar;touch, play
tonificar;tone, tone up
traficar;traffic, broker
ubicar;locate, place
unificar;unify, unite
verificar;verify, check
vindicar;vindicate
agregar;add
ahogar;drown
amargar;bitter
entregar;deliver
indagar;investigate
investigar;investigate
juzgar;judge
llegar;arrive
madrugar;get up early
mitigar;mitigate
naufragar;shipwreck
navegar;navigate
obligar;force
otorgar;give
pagar;pay
pegar;hit
plagar;plague
prolongar;extend
propagar;propagate
rasgar;tear
recargar;reload
regar;water
rogar;beg
sobrecargar;overload
subyugar;subjugate
vagar;wander
ampliar;expand, extend
enviar;send, submit
espiar;spy, pry
guiar;guide, lead
liar;roll, bind
mecanografiar;type
reenviar;forward, resend
repatriar;repatriate, bring back
rociar;spray, drizzle
vaciar;empty, drain
variar;vary, change
malcriar;spoil
averiguar;find out, inquire
actualizar;update
alcanzar;reach
alzar;lift
caracterizar;characterize
amenazar;threat
analizar;analize
abrazar;embrace, hug
aderezar;season, dress
aterrizar;land, arrive
autorizar;authorize, permit
danzar;dance
endulzar;sweeten
hospitalizar;hospitalize
idealizar;idealize
ilegalizar;outlaw, forbid
individualizar;individualize
inmunizar;immunize
judicializar;prosecute
lanzar;launch, throw
localizar;locate, find
materializar;realize, materialize
memorizar;memorize, learn
miniaturizar;miniaturize
monetizar;monetize
monitorizar;monitor
monopolizar;monopolize
motorizar;motorize
nebulizar;nebulize
neutralizar;neutralize, neuter
organizar;organize, arrange
parcializar;bias
personalizar;customize, tailor
potabilizar;purify
priorizar;prioritize
privatizar;privatize
profundizar;deepen, dive
protagonizar;star
realizar;perform, conduct
rechazar;reject, decline
reemplazar;replace, substitute
responsabilizar;hold accountable
reutilizar;reuse, recycle
revitalizar;revitalize, revive
rezar;pray, recite
señalizar;signal, mark
sensibilizar;sensitize, educate
simpatizar;sympathize
sincronizar;synchronize, synch
sistematizar;systematize
socializar;socialize
sollozar;sob
suavizar;smooth, soften
totalizar;sum up
tranquilizar;reassure, calm
tropezar;trip, stumble
utilizar;use, apply
visualizar;display, view
vitalizar;vitalize
volatilizar;volatilize
absorber;absorb
acceder;access
beber;drink
ceder;give, yield
comer;eat
cometer;commit
barrer;sweep, brush
comprender;understand, comprehend
comprometer;compromise, engage
conceder;grant, award
correr;run, race
corresponder;correspond, reciprocate
corromper;corrupt, defile
coser;sew, stitch
deber;should, must
depender;depend, rely
desprender;detach, release
emprender;undertake, begin
esconder;hide, conceal
exceder;exceed, surpass
interceder;intercede, intervene
lamer;lick
meter;put, pop
prender;turn on, fire
pretender;pretend, intend
proceder;proceed, move on
prometer;promise, vow
recorrer;travel, tour
repeler;repel, fight
responder;respond, answer
retroceder;back, retreat
romper;break, crack
socorrer;help, assist
someter;submit, subject
suceder;happen, occur
suspender;suspend, stop
tejer;weave, knit
temer;fear, dread
toser;cough
vender;sell
abrir;open, unlock
difundir;disseminate, spread
aburrir;bore
acudir;go, attend
admitir;admit, accept
aludir;allude, mention
añadir;add, attach
escribir;write
asistir;attend, assist
batir;beat, whisk
combatir;combat, fight
comprimir;compress, zip
confundir;confuse, mislead
consumir;consume, use
crujir;creak, crunch
cubrir;cover, fill
cumplir;fulfill, comply
debatir;discuss, debate
decidir;decide, determine
definir;define, determine
deprimir;depress
describir;describe, depict
descubrir;discover, find out
desistir;withdraw, desist
discurrir;flow
discutir;discuss, dispute
dividir;divide, split
emitir;issue, cast
escupir;spit
evadir;evade
exhibir;display, showcase
fundir;melt, fuse
hundir;sink
impartir;impart
imprimir;print, press
infundir;instill, infuse
inscribir;register, enroll
insistir;insist, push
interrumpir;interrupt, disrupt
invadir;invade, overrun
nutrir;nurture, nourish
ocurrir;occur, happen
omitir;omit, ignore
oprimir;oppress, push
parir;give birth
partir;start, split
percibir;perceive, see
permitir;allow, enable
persistir;persist, persevere
persuadir;persuade, induce
prescindir;separate, disregard
prescribir;prescribe
presidir;preside
presumir;boast, show off
proscribir;banish, proscribe
recibir;receive, get
recubrir;cover, top
remitir;refer, send
repartir;distribute, share
reprimir;repress, suppress
residir;reside, live
resistir;resist, endure
resumir;summarize, synthesize
revivir;revive
sacudir;shake, rock
sobrevivir;survive
subir;upload, raise
subsistir;survive, subsist
sucumbir;succumb, give in
sufrir;suffer
suplir;supply
suprimir;remove, eliminate
surtir;furnish, stock
transcribir;transcribe
transcurrir;elapse, pass
transfundir;transfuse
transmitir;transmit, convey
trascurrir;go by, be held
trasmitir;transmit
vivir;live, experience
aplaudir;applaud, clap
estar;be, feel, lie
andar;step, go
dar;give, pass
jugar;play
regar;water
negar;deny, reject
empezar;start, begin
negar;deny
calentar;heat up
aferrar;cling to
pensar;think, feel
recalentar;reheat, overheat
recomendar;recommend, advise
reventar;burst, pop
sentar;sit, place
tentar;tempt, entice
acertar;guess, get right
soterrar;underground, conceal
manifestar;express, manifest
quebrar;break, go bankrupt
sembrar;sow, plant
temblar;shake, tremble
comenzar;start, begin
acostar;lay down
colgar;hang
renovar;renew, refurbish
apostar;bet, stake
contar;count, tell
mostrar;show, display
poblar;populate
probar;try, test
recordar;remember, recall
rodar;roll, make
soldar;weld, solder
soltar;release, drop
sonar;sound, ring
soñar;dream, imagine
tostar;toast, roast
volar;fly, soar
almorzar;have lunch
sosegar;calm
reforzar;strengthen, reinforce
caber;fit
haber;have
oler;smell, sniff
saber;know, can
ser;be
valer;avail, cost
ver;see, view
deshacer;undo, dissolve
hacer;do, perform
satisfacer;satisfy, meet
contener;contain, retain
detener;stop, halt
disponer;provide, lay out
entretener;entertain, amuse
exponer;expose, exhibit
imponer;impose, force
mantener;maintain, keep
oponer;oppose, refuse
poner;put, place
posponer;postpone, put off
predisponer;predispose, prejudice
proponer;propose, suggest
reponer;replenish, replace
retener;retain, hold
sobreponer;superimpose
sostener;sustain, support
suponer;assume, suppose
tener;need, have
atener [se];abide, stick to
atraer;attract, draw
caer;fall, drop
distraer;distract, divert
extraer;remove, extract
recaer;relapse, revert
retraer;retract
sustraer;subtract, abstract
traer;bring, carry
contraer;contract, get
poseer;possess, have
proveer;provide, supply
leer;read
creer;believe, think
conmover;move, stir
devolver;return, repay
volver;return, go back
disolver;dissolve, disperse
envolver;wrap, engage
mover;move, shift
promover;promote, foster
resolver;resolve, solve
poder;be able, can
morder;bite, chew
llover [impersonal verb];rain
doler;hurt, pain
demoler;demolish, tear down
verter;pour, discharge
tender;tend, extend
querer;want, like
malentender;misunderstand
extender;extend, spread
entender;understand, see
desatender;neglect, disregard
defender;defend, uphold
contender;fight, quarrel
ir;go
adherir;adhere, attach
advertir;warn
adquirir;acquire, buy
diferir;differ, defer
digerir;digest, absorb
herir;hurt, injure
inferir;infer, conclude
ingerir;eat, ingest
interferir;interfere
preferir;prefer
referir;refer, relate
transferir;transfer, assign
discernir;discern
divertir;entertain, amuse
sentir;feel, sense
revertir;reverse, revert
resentir;resent
presentir;sense
mentir;lie, cheat
invertir;invest
rugir;roar
sumergir;immerse, dip
surgir;arise, emerge
transigir;compromise
ungir;anoint
urgir;urge, hustle
dirigir;lead, direct
exigir;require, demand
infringir;infringe, break
producir;produce, cause
reducir;reduce, cut
seducir;seduce, attract
traducir;translate, interpret
inducir;induce, provoke
introducir;introduce, enter
lucir;wear, shine
perseguir;pursue, chase
distinguir;distinguish, differentiate
seguir;follow, continue
ocluir;occlude
destruir;destroy, crush
disminuir;decrease, reduce
distribuir;distribute, deliver
excluir;exclude, preclude
fluir;flow, stream
huir;flee, escape
incluir;include, incorporate
influir;influence, affect
instituir;institute
sustituir;replace, substitute
teñir;dye, stain
elegir;choose, select
regir;govern, operate
pedir;ask, request
derretir;melt, dissolve
despedir;dismiss, fire
freír;fry, cook
gemir;groan, moan
impedir;prevent, block
servir;help, serve
repetir;repeat, replicate
rendir;render, pay
reñir;quarrel, dispute
medir;measure, gauge
vestir;dress, wear
decir;say
predecir;predict, forecast
venir;come
oír;hear, listen to
sobresalir;excel, stand out
salir;leave, exit
intervenir;intervene, speak
morir;die, pass away
dormir;sleep, rest
acomodar;accommodate
aconsejar;advise
acostumbrar;accustom
activar;activate
acumular;accumulate
adaptar;adapt
adelantar;forward
adivinar;guess
afirmar;claim
afrontar;face
agotar;sell out
agravar;aggravate
agrupar;group
aguantar;endure
aguardar;wait for
ahorrar;save
aislar;isolate
alejar;take away
alertar;alert
almacenar;store
alojar;host
animar;animate
anotar;take notes
anticipar;anticipate
anular;cancel
apartar;separate
apelar;appeal
aportar;provide
apoyar;support
aprovechar;take advantage
aproximar;approach
argumentar;argue
arrastrar;drag
arrojar;throw
asegurar;secure
asomar;show, peek
acariciar;caress
aliviar;alleviate
apreciar;appreciate
asociar;associate
abonar;pay, fertilise
abordar;address, approach, tackle
abortar;abort, cancel
descansar;rest
abrumar;overcome, overwhelm, exhaust
abusar;abuse, misuse
acabar;finish, end, stop
acampar;camp, go camping
acelerar;accelerate, speed up, expedite
aceptar;accept, agree to, take sb./sth
acompañar;accompany, go with sb., join sb./sth.
acusar;accuse sb. of sth., blame sb. for sth.
adeudar;owe
administrar;manage, administer, dispense
admirar;admire, look up
adobar;baste sth, pickle sth.
adoptar;adopt
adornar;decorate, garnish
afamar ;promote, fame
afectar;affect, influence sb./sth.
afilar;sharpen
afinar;refine, tune up
aflojar;loosen, undo sth.
agachar;bend
agarrar;grab, grasp, take
agitar;shake, agitate, stir
ajustar;adjust, adapt
alabar;praise, commend
alarmar;alarm, startle sb., frighten sb./sth.
alegrar;cheer up, brighten sb./sth.
alimentar;nurture, feed, fuel
alisar;smooth, straighten
alistar;get ready
alquilar;rent
alterar;alter, change
amar;love
amputar;amputate, cut off
amueblar;furnish
anhelar;long, wish, look forward
anunciar;announce, advertise, declare
apestar;smell, stink
apilar;stack, pile
aplastar;crush
apuntar;aim
apurar;hasten
arañar;scratch
lograr;achieve, reach, accomplish
arar;plough
armar;build
arreglar;fix, arrange, repair
arropar;wrap up
articular;articulate
asar;roast, grill sth.
asear;tidy sth. up
asesorar;advise, counsel sb./sth.
asignar;assign, allocate
asimilar;assimilate, take sth. in
aspirar;pursue sth., vacuum sth.
asustar;frighten, scare
atar;tie, bind sb./sth.
atornillar;screw
atrapar;catch, trap
auditar;audit
aumentar;increase, enhance
ayudar;help, assist sb./sth.
bailar;dance
brillar;shine
brindar;give
brotar;sprout
burlar;cheat
bajar;lower, decrease
bañar;bathe, coat sth.
besar;kiss
borrar;delete, erase
bordar;embroider
calcular;calculate
callar;silence
calmar;calm
cambiar;change
caminar;walk
cancelar;cancel
cansar;get tired
cantar;sing
capacitar;train
captar;get
capturar;capture
casar;marry
causar;cause, create
cenar;have dinner, dine
citar;quote sb./sth.
crear;create
curar;cure, heal
dañar;damage, harm, injure
depositar;deposit, deliver
dejar;stop, allow, quit
desayunar;have breakfast
desear;desire, wish
doblar;bend, double, fold
donar;donate, give
drenar;drain
duchar;shower
echar;pour
editar;edit, modify sth.
egresar;graduate
ejercitar;exercise, train sb./sth.
elaborar;develop, prepare sth.
elogiar;commend, praise
emigrar;migrate
empujar;push sb./sth., shove sb./sth.
enflorar;adorn with flowers
enrollar;roll, wind, coil
envenenar;poison
estafar;defraud
esperar;wait
estimar;estimate, cost, calculate
estorbar;hinder sb./sth.
estudiar;study, examine
evitar;avoid
exclamar;exclaim
expirar;expire
explotar;exploit, develop
exportar;export
fumar;smoke
ganar;win, gain, earn
gastar;spend
girar;turn
golpear;hit sb./sth.
grabar;record
habilitar;enable sb./sth.
habitar;inhabit
hablar;speak, talk
heredar;inherit
holgazanear;slack
honrar;honor, grace
humectar;moisturize
humillar;humiliate
hurtar;steal
idear;devise, design
ignorar;ignore, disregard
igualar;match
ilusionar;deceive
ilustrar;illustrate
imaginar;imagine
impactar;impact
implementar;implement
importar;import, matter, care
imposibilitar;preclude
impresionar;impress
improvisar;improvise
impulsar;drive, boost, push, power
inaugurar;inaugurate, open
incapacitar;incapacitate, disable
incentivar;incentivize
incitar;incite, encourage, prompt
inclinar;tilt, tip sth.
incomodar;discomfort sb.
incorporar;incorporate
incrementar;increase, augment
incrustar;embed
incubar;hatch, incubate
infectar;infect
infiltrar;infiltrate
influenciar;influence, bias
inhabilitar;disable
inhalar;inhale
iniciar;start, begin, initiate
innovar;innovate
inspeccionar;inspect, scan sth., examine
inspirar;inspire
instalar;install
insultar;insult
intentar;try, attempt
intercalar;insert, intersperse
intercambiar;exchange, swap
intimidar;intimidate, bully
invalidar;invalidate, override
inventar;invent, create
invitar;invite
involucrar;involve, engage
inyectar;inject
irradiar;radiate, shine
irrespetar;disrespect, ignore
irritar;irritate, annoy
jalar;pull
juntar;join, gather
jurar;swear, vow
laborar;work
labrar;plow
ladrar;bark
laminar;laminate
lapidar;stone
lastimar;hurt, harm
lavar;wash, rinse
legislar;legislate, enact laws
levitar;levitate
liberar;release, unleash
licitar;bid
liderar;lead, pioneer
lidiar;deal, cope
limar;file, polish
limitar;limit, restrict
limpiar;clean, wipe
linchar;lynch
llamar;call, summon
llenar;fill, populate
llevar;carry, conduct
llorar;cry, weep
lloviznar;drizzle
luchar;fight, strive
madurar;mature, ripen
magullar;bruise
malinterpretar;misinterpret, misunderstand
maltratar;mistreat, abuse
mandar;send, order
manchar;stain, soil
manejar;drive, handle
maniobrar;maneuver
manipular;manipulate, tamper
mapear;map
maquillar;make up
maquinar;engineer, intrigue
marchar;march
matricular;register, enroll
meditar;meditate, reflect
mejorar;improve, enhance
mencionar;mention, name
menear;wag, swish
menospreciar;underestimate, despise
mezclar;mix, blend
migrar;migrate
mimar;pamper, spoil
mirar;look, gaze
modelar;model, shape
moldear;mold
molestar;disturb, annoy
monitorear;monitor, track
mordisquear;chew
motivar;motivate, inspire
multar;fine, ticket
nadar;swim
narrar;tell, narrate
necesitar;need, require
negociar;negotiate, deal
nombrar;name, appoint
nominar;nominate
noquear;knock out
notar;note, notice
nublar;cloud, blur
objetar;object, refute
obrar;work, act
obsequiar;give, treat
observar;observe, notice
obsesionar;obsess
ocasionar;cause, create
odiar;hate
ofertar;offer, bid
olfatear;sniff, scent
olvidar;forget
optar;opt, select
orar;pray
ordenar;order, command
ordeñar;milk
operar;operate
opinar;voice, comment on
orientar;guide, direct
originar;cause, originate
orquestar;orchestrate
oxidar;oxidize, rust
oxigenar;oxygenate
pactar;covenant, compromise
palpar;feel, palpate
parar;stop, pause
participar;participate, engage
pasar;spend, pass, happen
pasear;walk, stroll
pastar;graze, pasture
patentar;patent
patinar;skate, skid
patrocinar;sponsor
patrullar;patrol
pausar;pause
peinar;comb, style
pelar;peel, skin
pelear;fight, argue
penetrar;penetrate, enter
pensionar;pension
perdonar;forgive, spare
perfeccionar;perfect, improve
perforar;drill, perforate
perfumar;perfume, scent
perseverar;persevere, persist
perturbar;disrupt, disturb
pesar;weigh
pestañear;blink, wink
picotear;peck
pilotear;pilot, drive
pintar;paint, portray
pisar;step, foot
pisotear;trample, stamp
pitar;beep, honk
planchar;iron, press
plantear;raise, pose
plasmar;depict, reflect
podar;prune, crop
porracear;thrash
portar;carry, wear
posar;pose, model
precipitar;precipitate, rush
predeterminar;predetermine, preset
predominar;predominate, prevail
prefigurar;prefigure, foreshadow
preguntar;ask, question
preocupar;concern, worry
preparar;prepare, make
presenciar;witness, attend
presentar;submit, file
preservar;preserve, conserve
presionar;pressure, press
presupuestar;budget, estimate
procesar;process, prosecute
procrastinar;procrastinate
procrear;procreate, breed
procurar;ensure, try
profanar;desecrate, profane
programar;schedule, program
progresar;progress, advance
proliferar;proliferate
promediar;average
promocionar;promote, advertise
pronunciar;pronounce, utter
proporcionar;provide, give
propulsar;propel
prosperar;prosper, thrive
protestar;protest, complain
quedar;stay, remain
quemar;burn, sear
quitar;remove, strip
racionar;ration
rasguñar;scratch
raspar;scrape
rasurar;shave
rayar;scratch
reaccionar;react, respond
reactivar;reactivate, revive
reafirmar;reaffirm, bolster
reagrupar;regroup, rearrange
reajustar;readjust, reset
rebajar;lower, reduce
rebalsar;spill
rebanar;slice, cut
rebotar;bounce, rebound
recapacitar;reconsider
recaudar;raise, collect
recetar;prescribe
recitar;recite, repeat
reclamar;claim, reclaim
recobrar;gain, recover
recolectar;collect, harvest
recompensar;reward, compensate
recortar;cut, trim
recrear;recreate, replicate
recuperar;recover, regain
redactar;draft, write
redondear;round
refinar;refine, polish
reflexionar;reflect, consider
reforestar;reforest
reformar;reform, overhaul
refugiar;shelter
refutar;refute, rebute
regalar;give, give away
regañar;scold, tell off
regatear;bargain, haggle
registrar;record, log
regocijar;rejoice
regresar;return, come back
rehabilitar;rehabilitate, reinstate
reinar;reign, rule
reiniciar;restart, reboot
reintegrar;reintegrate, refund
relatar;tell, narrate
rellenar;fill, complete
remar;row, paddle
rembolsar;reimburse, repay
remediar;remedy, alleviate
remojar;soak
remunerar;remunerate, compensate
rentar;rent, lease
renunciar;give up, quit
reorientar;redirect, realign
reparar;repair, fix
repasar;review, rework
representar;represent, picture
reprochar;reproach, blame
respaldar;support, endorse
respetar;respect, honor
respirar;breathe, inhale
restar;subtract, deduct
restaurar;restore, refurbish
resucitar;revive, resurrect
retar;challenge, defy
retirar;withdraw, take away
retrasar;delay, slow
retratar;portray, render
revelar;reveal, disclose
revolotear;flit
rifar;raffle
robar;steal, lift
ronronear;purr
rotar;rotate
rotular;label
saborear;taste
sabotear;sabotage
saciar;quench, satiate
saltar;jump, skip
saltear;sauté
saludar;greet, salute
salvaguardar;safeguard, protect
salvar;save, rescue
sanar;heal, recuperate
sancionar;punish, sanction
sancochar;parboiling
saquear;loot, plunder
saturar;saturate
sazonar;season, spice
seccionar;section, divide
segmentar;segment, section
sellar;seal, stamp
señalar;point, indicate
sentenciar;sentence, convict
separar;separate, part
silbar;whistle
silenciar;silence, mute
simular;simulate, fake
sobar;knead, touch
sobrestimar;overestimate
sobrellevar;cope with, endure
socavar;undermine, undercut
solicitar;request, apply
solucionar;solve, fix
solventar;resolve, settle
sombrear;shade
sondear;probe, survey
soplar;blow
soportar;support, bear
sospechar;suspect
subastar;auction
subcontratar;outsource, subcontract
subestimar;underestimate, undervalue
subrayar;stress, underline
succionar;suck
sudar;sweat
sujetar;hold, secure
sumar;add, sum
suministrar;provide, supply
superar;overcome, exceed
suplantar;supplant, impersonate
suspirar;sigh
sustentar;sustain
susurrar;whisper, murmur
suturar;suture, stitch
tachar;cross out, strike
tantear;grope, try
tapar;cover, fill
telefonear;call, phone
televisar;televise
terminar;end, complete
tertuliar;talk
timar;diddle, cheat
timbrar;stamp
tirar;pull, throw
tiritar;shiver, shake
titubear;hesitate, waver
tolerar;tolerate, accept
tomar;take, drink
tontear;mess around
atormentar;torment, plague
trabajar;work, operate
traicionar;betray
tramar;plot, scheme
tramitar;process
transfigurar;transfigure
transformar;transform, convert
transitar;transit, circulate
transpirar;sweat, perspire
transportar;transport, carry
trasladar;move, transfer
trasnochar;overnight
tratar;try, deal with
trepar;climb
abarcar;cover, include
acercar;zoom in
adjudicar;award
calificar;grade
aparcar;park, pull over
aplicar;apply, implement
arrancar;start, pull
buscar;look, search
edificar;build, construct
empacar;pack, bag
enfocar;focus
hipotecar;mortgage
identificar;identify, pinpoint
implicar;involve, imply
inculcar;inculcate, instill
indicar;indicate, point
intoxicar;poison, intoxicate
invocar;invoke, plead
justificar;justify, excuse
lubricar;lubricate, oil
machacar;crush, mash
marcar;mark, dial
medicar;medicate, dose
mortificar;mortify
multiplicar;multiply, proliferate
notificar;inform, notify
opacar;obscure
pecar;sin, err
personificar;personify, embody
pescar;fish, hook
picar;chop, bite
planificar;plan, schedule
plastificar;laminate
platicar;talk, chat
predicar;preach
pronosticar;predict, forecast
provocar;cause, make
publicar;publish, post
purificar;purify, clear
ramificar;branch
rascar;scratch, scrape
ratificar;ratify, confirm
rectificar;rectify, correct
reedificar;rebuild
refrescar;refresh, cool
reivindicar;claim, assert
roncar;snore
sacar;take, remove
salpicar;splash, splatter
secar;dry, cure
simplificar;simplify, streamline
sofocar;stifle, smother
solidificar;solidify, strengthen
suplicar;plead, beg
testificar;testify, give evidence
tocar;touch, play
tonificar;tone, tone up
traficar;traffic, broker
ubicar;locate, place
unificar;unify, unite
verificar;verify, check
vindicar;vindicate
agregar;add
ahogar;drown
amargar;bitter
entregar;deliver
indagar;investigate
investigar;investigate
juzgar;judge
llegar;arrive
madrugar;get up early
mitigar;mitigate
naufragar;shipwreck
navegar;navigate
obligar;force
otorgar;give
pagar;pay
pegar;hit
plagar;plague
prolongar;extend
propagar;propagate
rasgar;tear
recargar;reload
regar;water
rogar;beg
sobrecargar;overload
subyugar;subjugate
vagar;wander
ampliar;expand, extend
enviar;send, submit
espiar;spy, pry
guiar;guide, lead
liar;roll, bind
mecanografiar;type
reenviar;forward, resend
repatriar;repatriate, bring back
rociar;spray, drizzle
vaciar;empty, drain
variar;vary, change
malcriar;spoil
averiguar;find out, inquire
actualizar;update
alcanzar;reach
alzar;lift
caracterizar;characterize
amenazar;threat
analizar;analize
abrazar;embrace, hug
aderezar;season, dress
aterrizar;land, arrive
autorizar;authorize, permit
danzar;dance
endulzar;sweeten
hospitalizar;hospitalize
idealizar;idealize
ilegalizar;outlaw, forbid
individualizar;individualize
inmunizar;immunize
judicializar;prosecute
lanzar;launch, throw
localizar;locate, find
materializar;realize, materialize
memorizar;memorize, learn
miniaturizar;miniaturize
monetizar;monetize
monitorizar;monitor
monopolizar;monopolize
motorizar;motorize
nebulizar;nebulize
neutralizar;neutralize, neuter
organizar;organize, arrange
parcializar;bias
personalizar;customize, tailor
potabilizar;purify
priorizar;prioritize
privatizar;privatize
profundizar;deepen, dive
protagonizar;star
realizar;perform, conduct
rechazar;reject, decline
reemplazar;replace, substitute
responsabilizar;hold accountable
reutilizar;reuse, recycle
revitalizar;revitalize, revive
rezar;pray, recite
señalizar;signal, mark
sensibilizar;sensitize, educate
simpatizar;sympathize
sincronizar;synchronize, synch
sistematizar;systematize
socializar;socialize
sollozar;sob
suavizar;smooth, soften
totalizar;sum up
tranquilizar;reassure, calm
tropezar;trip, stumble
utilizar;use, apply
visualizar;display, view
vitalizar;vitalize
volatilizar;volatilize
absorber;absorb
acceder;access
beber;drink
ceder;give, yield
comer;eat
cometer;commit
barrer;sweep, brush
comprender;understand, comprehend
comprometer;compromise, engage
conceder;grant, award
correr;run, race
corresponder;correspond, reciprocate
corromper;corrupt, defile
coser;sew, stitch
deber;should, must
depender;depend, rely
desprender;detach, release
emprender;undertake, begin
esconder;hide, conceal
exceder;exceed, surpass
interceder;intercede, intervene
lamer;lick
meter;put, pop
prender;turn on, fire
pretender;pretend, intend
proceder;proceed, move on
prometer;promise, vow
recorrer;travel, tour
repeler;repel, fight
responder;respond, answer
retroceder;back, retreat
romper;break, crack
socorrer;help, assist
someter;submit, subject
suceder;happen, occur
suspender;suspend, stop
tejer;weave, knit
temer;fear, dread
toser;cough
vender;sell
abrir;open, unlock
difundir;disseminate, spread
aburrir;bore
acudir;go, attend
admitir;admit, accept
aludir;allude, mention
añadir;add, attach
escribir;write
asistir;attend, assist
batir;beat, whisk
combatir;combat, fight
comprimir;compress, zip
confundir;confuse, mislead
consumir;consume, use
crujir;creak, crunch
cubrir;cover, fill
cumplir;fulfill, comply
debatir;discuss, debate
decidir;decide, determine
definir;define, determine
deprimir;depress
describir;describe, depict
descubrir;discover, find out
desistir;withdraw, desist
discurrir;flow
discutir;discuss, dispute
dividir;divide, split
emitir;issue, cast
escupir;spit
evadir;evade
exhibir;display, showcase
fundir;melt, fuse
hundir;sink
impartir;impart
imprimir;print, press
infundir;instill, infuse
inscribir;register, enroll
insistir;insist, push
interrumpir;interrupt, disrupt
invadir;invade, overrun
nutrir;nurture, nourish
ocurrir;occur, happen
omitir;omit, ignore
oprimir;oppress, push
parir;give birth
partir;start, split
percibir;perceive, see
permitir;allow, enable
persistir;persist, persevere
persuadir;persuade, induce
prescindir;separate, disregard
prescribir;prescribe
presidir;preside
presumir;boast, show off
proscribir;banish, proscribe
recibir;receive, get
recubrir;cover, top
remitir;refer, send
repartir;distribute, share
reprimir;repress, suppress
residir;reside, live
resistir;resist, endure
resumir;summarize, synthesize
revivir;revive
sacudir;shake, rock
sobrevivir;survive
subir;upload, raise
subsistir;survive, subsist
sucumbir;succumb, give in
sufrir;suffer
suplir;supply
suprimir;remove, eliminate
surtir;furnish, stock
transcribir;transcribe
transcurrir;elapse, pass
transfundir;transfuse
transmitir;transmit, convey
trascurrir;go by, be held
trasmitir;transmit
vivir;live, experience
aplaudir;applaud, clap
estar;be, feel, lie
andar;step, go
dar;give, pass
jugar;play
regar;water
negar;deny, reject
empezar;start, begin
negar;deny
calentar;heat up
aferrar;cling to
pensar;think, feel
recalentar;reheat, overheat
recomendar;recommend, advise
reventar;burst, pop
sentar;sit, place
tentar;tempt, entice
acertar;guess, get right
soterrar;underground, conceal
manifestar;express, manifest
quebrar;break, go bankrupt
sembrar;sow, plant
temblar;shake, tremble
comenzar;start, begin
acostar;lay down
colgar;hang
renovar;renew, refurbish
apostar;bet, stake
contar;count, tell
mostrar;show, display
poblar;populate
probar;try, test
recordar;remember, recall
rodar;roll, make
soldar;weld, solder
soltar;release, drop
sonar;sound, ring
soñar;dream, imagine
tostar;toast, roast
volar;fly, soar
almorzar;have lunch
sosegar;calm
reforzar;strengthen, reinforce
caber;fit
haber;have
oler;smell, sniff
saber;know, can
ser;be
valer;avail, cost
ver;see, view
deshacer;undo, dissolve
hacer;do, perform
satisfacer;satisfy, meet
contener;contain, retain
detener;stop, halt
disponer;provide, lay out
entretener;entertain, amuse
exponer;expose, exhibit
imponer;impose, force
mantener;maintain, keep
oponer;oppose, refuse
poner;put, place
posponer;postpone, put off
predisponer;predispose, prejudice
proponer;propose, suggest
reponer;replenish, replace
retener;retain, hold
sobreponer;superimpose
sostener;sustain, support
suponer;assume, suppose
tener;need, have
atener [se];abide, stick to
atraer;attract, draw
caer;fall, drop
distraer;distract, divert
extraer;remove, extract
recaer;relapse, revert
retraer;retract
sustraer;subtract, abstract
traer;bring, carry
contraer;contract, get
poseer;possess, have
proveer;provide, supply
leer;read
creer;believe, think
conmover;move, stir
devolver;return, repay
volver;return, go back
disolver;dissolve, disperse
envolver;wrap, engage
mover;move, shift
promover;promote, foster
resolver;resolve, solve
poder;be able, can
morder;bite, chew
llover [impersonal verb];rain
doler;hurt, pain
demoler;demolish, tear down
verter;pour, discharge
tender;tend, extend
querer;want, like
malentender;misunderstand
extender;extend, spread
entender;understand, see
desatender;neglect, disregard
defender;defend, uphold
contender;fight, quarrel
ir;go
adherir;adhere, attach
advertir;warn
adquirir;acquire, buy
diferir;differ, defer
digerir;digest, absorb
herir;hurt, injure
inferir;infer, conclude
ingerir;eat, ingest
interferir;interfere
preferir;prefer
referir;refer, relate
transferir;transfer, assign
discernir;discern
divertir;entertain, amuse
sentir;feel, sense
revertir;reverse, revert
resentir;resent
presentir;sense
mentir;lie, cheat
invertir;invest
rugir;roar
sumergir;immerse, dip
surgir;arise, emerge
transigir;compromise
ungir;anoint
urgir;urge, hustle
dirigir;lead, direct
exigir;require, demand
infringir;infringe, break
producir;produce, cause
reducir;reduce, cut
seducir;seduce, attract
traducir;translate, interpret
inducir;induce, provoke
introducir;introduce, enter
lucir;wear, shine
perseguir;pursue, chase
distinguir;distinguish, differentiate
seguir;follow, continue
ocluir;occlude
destruir;destroy, crush
disminuir;decrease, reduce
distribuir;distribute, deliver
excluir;exclude, preclude
fluir;flow, stream
huir;flee, escape
incluir;include, incorporate
influir;influence, affect
instituir;institute
sustituir;replace, substitute
teñir;dye, stain
elegir;choose, select
regir;govern, operate
pedir;ask, request
derretir;melt, dissolve
despedir;dismiss, fire
freír;fry, cook
gemir;groan, moan
impedir;prevent, block
servir;help, serve
repetir;repeat, replicate
rendir;render, pay
reñir;quarrel, dispute
medir;measure, gauge
vestir;dress, wear
decir;say
predecir;predict, forecast
venir;come
oír;hear, listen to
sobresalir;excel, stand out
salir;leave, exit
intervenir;intervene, speak
morir;die, pass away
dormir;sleep, rest
el tiempo; time 
el año; year 
la cosa; thing
el camino; way 
el día; day 
el hombre; man 
el estado; state 
el lote; lot 
la mujer; woman 
el país; country 
la vida; life 
la cuestión; question 
el presidente; president 
el niño; child 
la semana; week 
el mundo; world 
el tipo; kind 
el caso; case 
el problema; problem 
el hecho; fact 
la familia; family 
la historia; story 
el punto; point 
el gobierno; government 
el dinero; money 
la cuestión; issue 
la parte; part 
la mañana; morning 
el chico; guy 
el número; number 
el trabajo; job 
la noche; night 
el derecho; right 
la escuela; school 
el lugar; place 
la guerra; war 
el niño; kid 
el mes; month 
el libro; book 
la hora; hour 
el show; show 
la policía; police 
el programa; program 
el partido; party 
la ley; law 
la palabra; word 
la persona; person 
el hogar; home 
el negocio; business 
el amigo; friend 
la empresa; company 
el lado; side 
el impuesto; tax 
el demócrata; democrat 
el grupo; group 
el momento; moment 
la ruptura; break 
la idea; idea 
el miembro; member 
el sistema; system 
el minuto; minute 
la razón; reason 
la campaña; campaign 
la obra; work 
la nación; nation 
el congreso; congress 
la madre; mother 
la fuerza; force 
la salud; health 
la zona; area 
el nombre; name 
el informe; report 
la mano; hand 
la línea; line 
el fin; end 
la corte; court 
el cuidado; care 
la pareja; couple 
la casa; house 
la americana; american 
el padre; father 
la situación; situation 
el coche; car 
el padre; parent 
la administración; administration 
la droga; drug 
la ciudad; city 
el sentido; sense 
la política; policy 
la oficina; office 
la decisión; decision 
el poder; power 
el plan; plan 
el líder; leader 
la información; information 
la elección; election 
la película; movie 
la muerte; death 
el aire; air 
la llamada; call 
la comunidad; community 
la mirada; look 
la evidencia; evidence 
la chica; girl 
el médico; doctor 
el voto; vote 
el video; video 
la imagen; picture 
la habitación; room 
la economía; economy 
el teléfono; phone 
la historia; history 
el tipo; sort 
el niño; boy 
el crimen; crime 
el proceso; process 
la esposa; wife 
la música; music 
el agua; water 
el servicio; service 
el registro; record 
la seguridad; security 
la charla; talk 
la mente; mind 
la cabeza; head 
el candidato; candidate 
el funcionario; official 
la cámara; camera 
el estudiante; student 
el ataque; attack 
la oportunidad; chance 
el juego; game 
el bebé; baby 
el sur; south 
el cambio; change 
el juicio; trial 
el cuerpo; body 
el mercado; market 
las cosas; stuff 
el interés; interest 
el arma; weapon 
el corazón; heart 
el hijo; son 
el equipo; team 
la ciudad; town 
la televisión; television 
la voluntad; will 
la tropa; troop 
el juez; judge 
la acción; action 
la respuesta; answer 
la posición; position 
la vista; view 
la diferencia; difference 
la comida; food 
la hija; daughter 
la carrera; race 
el acuerdo; deal 
la calle; street 
el precio; price 
el mensaje; message 
el control; control 
el debate; debate 
el oficial; officer 
la película; film 
el nivel; level 
el esfuerzo; effort 
la relación; relationship 
el corresponsal; correspondent 
el terreno; ground 
la pieza; piece 
el marido; husband 
el presupuesto; budget 
el jurado; jury 
el reportero; reporter 
la materia; matter 
la edad; age 
la pistola; gun 
la paz; peace 
el asesinato; murder 
el papel; role 
la investigación; investigation 
la experiencia; experience 
el hospital; hospital 
el ojo; eye 
el director; director 
el futuro; future 
la cara; face 
el aceite; oil 
el resultado; result 
el público; public 
el abogado; lawyer 
la encuesta; poll 
la segunda; second 
la oportunidad; opportunity 
la industria; industry 
el hermano; brother 
la declaración; statement 
el fuego; fire 
el amor; love 
la tasa; rate 
el efecto; effect 
la canción; song 
el evento; event 
la carga; charge 
el apoyo; support 
la radio; radio 
el edificio; building 
el banco; bank 
la víctima; victim 
la puerta; door 
la entrevista; interview 
la escena; scene 
el resto; rest 
la prensa; press 
la atención; attention 
la elección; choice 
el discurso; speech 
el paciente; patient 
la verdad; truth 
la carretera; road 
el término; term 
el sitio; site 
el trabajador; worker 
el profesor; professor 
la letra; letter 
la reforma; reform 
la preocupación; concern 
la gente; folk 
el sexo; sex 
el estudio; study 
la universidad; college 
el votante; voter 
la pared; wall 
la noche; evening 
la reunión; meeting 
la voz; voice 
la audiencia; audience 
la violencia; violence 
la regla; rule 
la estrella; star 
la prueba; test 
la educación; education 
el problema; trouble 
el riesgo; risk 
la prisión; prison 
el invitado; guest 
la clase; class 
la sociedad; society 
el soldado; soldier 
el plano; plane 
la cantidad; amount 
la ayuda; help 
el costo; cost 
la autoridad; authority 
el pie; foot 
el período; period 
la sensación; feeling 
la etapa; step 
la cinta; tape 
la amenaza; threat 
la opinión; opinion 
la organización; organization 
el tipo; type 
la conversación; conversation 
la enfermedad; disease 
la operación; operation 
el cáncer; cancer 
la revista; magazine 
el gobernador; governor 
la presión; pressure 
la mayoría; majority 
La investigación; research 
el carácter; character 
la estación; station 
la crisis; crisis 
el experto; expert 
la sangre; blood 
el presidente; chairman 
el argumento; argument 
la lista; list 
el perro; dog 
el ordenador; computer 
el principio; beginning 
el seguro; insurance 
el campo; field 
la hermana; sister 
el error; mistake 
el jugador; player 
la energía; energy 
el documento; paper 
el espacio; space 
la tienda; store 
el acuerdo; agreement 
la responsabilidad; responsibility 
la dama; lady 
el orden; order 
el verano; summer 
el producto; product 
el valor; value 
la acción; stock 
la inteligencia; intelligence 
el profesor; teacher 
la agencia; agency 
el comercio; trade 
la conferencia; conference 
la célula; cell 
la iglesia; church 
el comentario; comment 
la fuente; source 
el pasado; past 
el corte; cut 
el pensamiento; thought 
el crédito; credit 
la esperanza; hope 
el signo; sign 
la carrera; career 
el matrimonio; marriage 
la condición; condition 
el testigo; witness 
la tecnología; technology 
el personal; staff 
el brazo; arm 
la misión; mission 
el arte; art 
el actor; actor 
la batalla; battle 
el ciudadano; citizen 
el autor; author 
la reacción; reaction 
el caballero; gentleman 
el liderazgo; leadership 
el miedo; fear 
el ejemplo; example 
el idioma; language 
la necesidad; need 
la justicia; justice 
la discusión; discussion 
la frontera; border 
el animal; animal 
el detalle; detail 
la respuesta; response 
la red; network 
el movimiento; movement 
el uso; use 
el macho; male 
la capital; capital 
la audiencia; hearing 
la norma; standard 
el beneficio; benefit 
la tabla; table 
el tratamiento; treatment 
el agente; agent 
la tarjeta; card 
el disparo; shot 
el tablero; board 
la realidad; reality 
el señor; sir 
la tierra; land 
el proyecto; project 
la luz; light 
la imagen; image 
el siglo; century 
la página; page 
el éxito; success 
el sonido; sound 
el impacto; impact 
el dolor; pain 
la temporada; season 
el individuo; individual 
el deporte; sport 
el estudio; studio 
la década; decade 
el desafío; challenge 
el sueño; dream 
el periódico; newspaper 
el piso; floor 
la lucha; fight 
la seguridad; safety 
el acto; act 
el viaje; trip 
el curso; course 
la posibilidad; possibility 
la libertad; freedom 
el fondo; fund 
el asiento; seat 
la bomba; bomb 
la forma; form 
el ejecutivo; executive 
el ministro; minister 
el déficit; deficit 
el desarrollo; development 
el vuelo; flight 
el secretario; secretary 
el comité; committee 
el consumidor; consumer 
la roca; rock 
la figura; figure 
el sujeto; subject 
la cultura; culture 
el cabello; hair 
la cobertura; coverage 
la pérdida; loss 
el papá; dad 
la nota; note 
la actividad; activity 
el objetivo; goal 
la opción; option 
el gas; gas 
la región; region 
la población; population 
la capacidad; ability 
la resolución; resolution 
el empleado; employee 
el cerebro; brain 
el político; politician 
el centro; middle 
la tormenta; storm 
la generación; generation 
el crítico; critic 
el ventilador; fan 
el científico; scientist 
el objetivo; target 
el campamento; camp 
la tarde; afternoon 
la dirección; direction 
la ciencia; science 
el periodista; journalist 
el grado; degree 
el asunto; affair 
el daño; damage 
la estrategia; strategy 
el factor; factor 
la planta; plant 
la democracia; democracy 
la duda; doubt 
la solución; solution 
el gasto; spending 
la formación; training 
el abuso; abuse 
el peligro; danger 
la memoria; memory 
la naturaleza; nature 
el material; material 
el documento; document 
los ingresos; income 
el analista; analyst 
el juego; play 
la guardia; guard 
el hotel; hotel 
el editor; editor 
el misil; missile 
el accidente; accident 
el propósito; purpose 
el escritor; writer 
la emergencia; emergency 
el crecimiento; growth 
la cama; bed 
el bienestar; welfare 
el adulto; adult 
la fe; faith 
la propuesta; proposal 
el modelo; model 
el ejército; army 
el incidente; incident 
la caja; box 
la multitud; crowd 
el respeto; respect 
el departamento; department 
el acceso; access 
la fecha; date 
el jefe; chief 
el clima; weather 
el aeropuerto; airport 
la máquina; machine 
la ventana; window 
el consejo; advice 
la fiscalía; prosecution 
el conflicto; conflict 
la caída; fall 
el piloto; pilot 
la práctica; practice 
la pista; track 
el propietario; owner 
el aumento; increase 
la legislación; legislation 
el árbol; tree 
la deuda; debt 
el enemigo; enemy 
el camión; truck 
el plomo; lead 
la convención; convention 
la ayuda; aid 
el suicidio; suicide 
la calidad; quality 
la conservadora; conservative 
el tamaño; size 
la cuenta; account 
el placer; pleasure 
la institución; institution 
el peso; weight 
el enfoque; approach 
la cirugía; surgery 
las vacaciones; holiday 
el inicio; start 
la victoria; victory 
el distrito; district 
la relación; relation 
la búsqueda; search 
la tripulación; crew 
el panel; panel 
la coalición; coalition 
el movimiento; move 
el paquete; package 
el cheque; check 
la minoría; minority 
la unidad; unit 
la bolsa; bag 
la sorpresa; surprise 
el foco; focus 
la circunstancia; circumstance 
el productor; producer 
la inversión; investment 
la pelota; ball 
el colega; colleague 
el recurso; resource 
la sentencia; judgment 
el fondo; background 
la unión; union 
la dirección; address 
el controlador; driver 
el héroe; hero 
el medicamento; medicine 
el representante; representative 
el vehículo; vehicle 
el comandante; commander 
el artista; artist 
el alcalde; mayor 
la carrera; run 
el barco; ship 
la teoría; theory 
la pantalla; screen 
la lección; lesson 
el residente; resident 
el socio; partner 
el bar; bar 
el billete; ticket 
el desastre; disaster 
el desempeño; performance 
el aficionado; supporter 
el asesino; killer 
la negociación; negotiation 
el mar; sea 
el viento; wind 
el zapato; shoe 
el secreto; secret 
la tragedia; tragedy 
el regalo; gift 
la gira; tour 
el gestor; manager 
la banda; band 
el nacimiento; birth 
el anfitrión; host 
el préstamo; loan 
la alegación; allegation 
el ganador; winner 
la religión; religion 
el artículo; article 
la sesión; session 
el ser; being 
la medida; extent 
el contrato; contract 
la sentencia; sentence 
la medida; measure 
el diputado; deputy 
la confianza; confidence 
el infierno; hell 
el alivio; relief 
la perspectiva; perspective 
La ventaja; advantage 
el escándalo; scandal 
la pierna; leg 
el restaurante; restaurant 
la cena; dinner 
el cliente; client 
el fracaso; failure 
el trimestre; quarter 
el elemento; element 
la reclamación; claim 
la propiedad; property 
la versión; version 
el intento; attempt 
el autobús; bus 
el cliente; customer 
la apelación; appeal 
la libra; pound 
la protección; protection 
el gen; gene 
la piedra; stone 
la oposición; opposition 
el apartamento; apartment 
el frente; front 
la hembra; female 
el prisionero; prisoner 
el negro; black 
la pandilla; gang 
el principio; principle 
el aliado; ally 
el asesor; adviser 
la visita; visit 
el pájaro; bird 
el soporte; stand 
la comunicación; communication 
el barco; boat 
la conexión; connection 
la tecla; key 
la huelga; strike 
la pena; penalty 
la advertencia; warning 
la suerte; luck 
el ADN; dna 
el espíritu; spirit 
la vuelta; turn 
la instalación; facility 
el adolescente; teenager 
el compromiso; commitment 
el elemento; item 
el procedimiento; procedure 
la media; half 
el tanque; tank 
el teléfono; telephone 
el suministro; supply 
la actitud; attitude 
el bloque; block 
el vínculo; bond 
el estilo; style 
el fútbol; football 
el combustible; fuel 
los datos; data 
el cristal; glass 
el traje; suit 
la fuerza; strength 
las críticas; criticism 
el hielo; ice 
el equipo; equipment 
la promesa; promise 
el regreso; return 
el álbum; album 
la producción; production 
la esquina; corner 
la consecuencia; consequence 
los vivos; living 
la lesión; injury 
la tapa; cover 
el punto; spot 
la mama; breast 
la primavera; spring 
la controversia; controversy 
la destrucción; destruction 
el aspecto; aspect 
el club; club 
la aeronave; aircraft 
la empresa; firm 
el régimen; regime 
la competencia; competition 
el beneficio; profit 
el conocimiento; knowledge 
el portavoz; spokesman 
la revisión; review 
la comprensión; understanding 
la recesión; recession 
el cantante; singer 
el pueblo; village 
la detención; arrest 
la nieve; snow 
la broma; joke 
el oro; gold 
el contacto; contact 
la demanda; demand 
la tarea; task 
el agujero; hole 
la piel; skin 
el recuento; count 
el oponente; opponent 
la conclusión; conclusion 
la prioridad; priority 
la violación; rape 
el refugiado; refugee 
la montaña; mountain 
la cumbre; summit 
la gestión; management 
la comisión; commission 
la gama; range 
el código; code 
la boca; mouth 
la presencia; presence 
la cuota; share 
la moda; fashion 
la forma; shape 
la silla; chair 
el dedo; finger 
el pescado; fish 
la edición; edition 
el borde; edge 
el límite; limit 
el tren; train 
la creencia; belief 
el balance; balance 
el intercambio; exchange 
la granja; farm 
la zona; zone 
el pasajero; passenger 
la mentira; lie 
el deber; duty 
el tráfico; traffic 
el caballo; horse 
la tradición; tradition 
la recuperación; recovery 
el inspector; inspector 
la dificultad; difficulty 
el archivo; file 
el cumpleaños; birthday 
la financiación; finance 
el accidente; crash 
la influencia; influence 
la regulación; regulation 
el análisis; analysis 
la lucha; struggle 
el calor; heat 
el vestido; dress 
la liberación; release 
el invierno; winter 
el virus; virus 
el tema; theme 
la noción; notion 
el dispositivo; device 
la ira; anger 
el Inglés; english 
la bandera; flag 
el contexto; context 
el ala; wing 
los combates; fighting 
el patrón; pattern 
el entretenimiento; entertainment 
la aparición; appearance 
el ahorro; saving 
el inversor; investor 
el puente; bridge 
el asentamiento; settlement 
la lluvia; rain 
la madera; wood 
el correo; mail 
el agricultor; farmer 
el misterio; mystery 
la oración; prayer 
la visión; vision 
la depresión; depression 
la explosión; explosion 
el acusado; defendant 
la estructura; structure 
la enmienda; amendment 
el asalto; assault 
el pensamiento; thinking 
la terapia; therapy 
la enfermera; nurse 
el camino; path 
la financiación; funding 
la herramienta; tool 
el título; title 
la carcasa; housing 
la tienda; shop 
la queja; complaint 
la ola; wave 
el gato; cat 
el mapa; map 
el empleador; employer 
la prueba; proof 
la emoción; emotion 
la habilidad; skill 
la confianza; trust 
el tema; topic 
la personalidad; personality 
la sala; hall 
el armario; cabinet 
el hueso; bone 
el alma; soul 
el pollo; chicken 
la ubicación; location 
la indicación; indication 
el altavoz; speaker 
el salario; wage 
la era; era 
la solicitud; request 
el jefe; boss 
el entrenador; coach 
la finca; estate 
el sector; sector 
el huevo; egg 
la estaca; stake 
la parada; stop 
el anillo; ring 
el choque; shock 
la contribución; contribution 
el anuncio; announcement 
el cigarrillo; cigarette 
la cocina; kitchen 
el territorio; territory 
el comando; command 
la isla; island 
la protesta; protest 
la impresión; impression 
el fallo; fault 
la costa; coast 
la lectura; reading 
la variedad; variety 
los ingresos; revenue 
la campana; bell 
el café; coffee 
el alcohol; alcohol 
el almuerzo; lunch 
la expectativa; expectation 
el grado; grade 
la dieta; diet 
la sección; section 
el oído; ear 
el cielo; sky 
la ayuda; assistance 
la señal; signal 
el estrés; stress 
la alternativa; alternative 
el investigador; researcher 
el cable; cable 
la apertura; opening 
la playa; beach 
el voluntario; volunteer 
la carga; burden 
el detective; detective 
el juguete; toy 
la ganancia; gain 
el activo; asset 
la piscina; pool 
la tendencia; trend 
la encuesta; survey 
el planeta; planet 
el río; river 
la identidad; identity 
el océano; ocean 
la alegría; joy 
el retraso; delay 
la clínica; clinic 
el patio; yard 
la punta; tip 
el divorcio; divorce 
el sol; sun 
la fila; row 
la frase; phrase 
la pena; worth 
la colección; collection 
la ocasión; occasion 
la superficie; surface 
el empate; tie 
el músico; musician 
el concepto; concept 
la tensión; tension 
el resultado; outcome 
la aprobación; approval 
el becario; fellow 
la belleza; beauty 
el siniestro; casualty 
la copia; copy 
la mina; mine 
el reloj; watch 
el sueño; sleep 
la media; average 
el recorrido; travel 
el fraude; fraud 
la categoría; category 
el ejercicio; exercise 
la convicción; conviction 
la iniciativa; initiative 
la técnica; technique 
la grabación; recording 
la vista; sight 
la reducción; reduction 
el conjunto; whole 
la corporación; corporation 
la pasión; passion 
el funeral; funeral 
la juventud; youth 
el instrumento; instrument 
la distancia; distance 
el desierto; desert 
el aniversario; anniversary 
la escritura; writing 
la invasión; invasion 
el compromiso; compromise 
la enfermedad; illness 
el desgarro; tear 
la puerta; gate 
el bosque; forest 
el experimento; experiment 
el golf; golf 
el talento; talent 
el cargo; post 
la brecha; gap 
el sacerdote; priest 
la novela; novel 
la división; division 
el deseo; desire 
el sombrero; hat 
la hipoteca; mortgage 
la reputación; reputation 
la puntuación; score 
el hombro; shoulder 
la relación; relative 
la columna; column 
el pago; payment 
la transición; transition 
el premio; award 
la capacidad; capability 
la definición; definition 
el bolsillo; pocket 
la velocidad; speed 
el concierto; concert 
el clima; climate 
la clave; clue 
La cerveza; beer 
la nariz; nose 
el verde; green 
el jardín; garden 
el satélite; satellite 
la ceremonia; ceremony 
la humana; human 
el descubrimiento; discovery 
el paseo; ride 
la raíz; root 
el té; tea 
el movimiento; motion 
el porcentaje; percentage 
la combinación; combination 
la explicación; explanation 
la escala; scale 
la cadena; chain 
el gemelo; twin 
la capacidad; capacity 
el distribuidor; dealer 
el toque; touch 
el viaje; journey 
el delegado; delegate 
el enlace; link 
el plástico; plastic 
el estímulo; stimulus 
la tapa; cap 
el rollo; roll 
la construcción; construction 
la intención; intention 
la disputa; dispute 
el diseño; design 
la infancia; childhood 
el motor; engine 
la pesadilla; nightmare 
la danza; dance 
la comida; meal 
la oferta; offer 
la obligación; obligation 
el avance; advance 
la caridad; charity 
el turista; tourist 
la fábrica; factory 
la grasa; fat 
la sal; salt 
el cuello; neck 
el dormitorio; bedroom 
el episodio; episode 
el ingeniero; engineer 
el castigo; punishment 
las pruebas; testing 
la instancia; instance 
la perspectiva; prospect 
las compras; shopping 
el humo; smoke 
la carne; meat 
la bodega; hold 
la jubilación; retirement 
la inflación; inflation 
el drama; drama 
el escritorio; desk 
el salario; salary 
la biblia; bible 
la subvención; grant 
la demostración; demonstration 
el diálogo; dialogue 
la sustancia; substance 
el núcleo; core 
el tratado; treaty 
el personal; personnel 
la muestra; sample 
la táctica; tactic 
el método; method 
el ruido; noise 
el objetivo; objective 
la flor; flower 
la copa; cup 
la temperatura; temperature 
el símbolo; symbol 
la revolución; revolution 
el sabor; taste 
el museo; museum 
el perfil; profile 
la sugerencia; suggestion 
la ruta; route 
el diente; tooth 
el consultor; consultant 
la unidad; drive 
el trastorno; disorder 
el azúcar; sugar 
el aumento; rise 
el chip; chip 
el motivo; motive 
la camisa; shirt 
el puerto; port 
el potencial; potential 
el calendario; schedule 
el parlamento; parliament 
el concurso; contest 
la atmósfera; atmosphere 
la rama; branch 
la estimación; estimate 
el síntoma; symptom 
la participación; involvement 
la discriminación; discrimination 
el cielo; heaven 
la caminata; walk 
el operador; operator 
la recomendación; recommendation 
el rebelde; rebel 
la ronda; round 
el fabricante; maker 
el vino; wine 
la observación; remark 
el lío; mess 
el tono; tone 
la resistencia; resistance 
la importancia; importance 
la excepción; exception 
la plataforma; platform 
el cuchillo; knife 
la percepción; perception 
la cuota; fee 
el maestro; master 
el círculo; circle 
la forma; manner 
el chorro; jet 
el significado; meaning 
la evaluación; assessment 
la placa; plate 
las expensas; expense 
la trama; plot 
el aula; classroom 
la marca; brand 
la pintura; painting 
el techo; roof 
el privilegio; privilege 
la bebida; drink 
la prohibición; ban 
el contenido; content 
el francés; french 
la inspección; inspection 
el incentivo; incentive 
el piano; piano 
la botella; bottle 
los residuos; waste 
el error; error 
la etiqueta; label 
el reloj; clock 
la crema; cream 
el bien; good 
la fase; phase 
la filosofía; philosophy 
la conducta; conduct 
el ciclo; cycle 
la electricidad; electricity 
el obispo; bishop 
el lector; reader 
el embarazo; pregnancy 
la liga; league 
la mascota; pet 
la fundación; foundation 
el boom; boom 
la torre; tower 
la característica; feature 
la retirada; withdrawal 
la respiración; breath 
la grieta; crack 
el fabricante; manufacturer 
el especialista; specialist 
la referencia; reference 
el cuento; tale 
la provisión; provision 
el historiador; historian 
el alambre; wire 
la especulación; speculation 
el par; pair 
la excusa; excuse 
el chocolate; chocolate 
la celebración; celebration 
la fortuna; fortune 
la función; function 
el universo; universe 
el canal; channel 
la sonrisa; smile 
la leche; milk 
el requisito; requirement 
la sospecha; suspicion 
el hogar; household 
el hallazgo; finding 
el pecho; chest 
la rutina; routine 
la consideración; consideration 
la biblioteca; library 
el daño; harm 
el margen; margin 
el objeto; object 
la guitarra; guitar 
el botón; button 
el silencio; silence 
la mejora; improvement 
la caída; drop 
el nombramiento; appointment 
el flujo; flow 
el metal; metal 
el espejo; mirror 
la presente; present 
el portador; carrier 
la expresión; expression 
el destino; fate 
la nube; cloud 
el músculo; muscle 
el cinturón; belt 
el capítulo; chapter 
la cadena; string 
el comercio; trading 
el truco; trick 
la guía; guide 
el volumen; volume 
el partido; match 
la fantasía; fantasy 
la rodilla; knee 
el compuesto; compound 
el estómago; stomach 
la altura; height 
el proyecto; draft 
el desconocido; stranger 
la infección; infection 
la masa; mass 
la disciplina; discipline 
el fruto; fruit 
el visitante; visitor 
el poema; poem 
el fenómeno; phenomenon 
la valla; fence 
la aplicación; application 
la receta; recipe 
la ropa; clothing 
la culpa; guilt 
la supervivencia; survival 
el campeón; champion 
el uniforme; uniform 
la impresión; print 
la papa; potato 
la disposición; arrangement 
la luna; moon 
el oso; bear 
la herida; wound 
la estabilidad; stability 
el orgullo; pride 
la restricción; restriction 
del total; total 
la barrera; barrier 
el primo; cousin 
la ocupación; occupation 
la plata; silver 
la torta; cake 
el pulmón; lung 
la rueda; wheel 
el observador; observer 
la melodía; tune 
la descripción; description 
el establecimiento; establishment 
la cámara; chamber 
el horror; horror 
la banca; banking 
la manzana; apple 
la implicación; implication 
el acero; steel 
la garganta; throat 
la esencia; essence 
la incursión; raid 
la distinción; distinction 
el alemán; german 
el labio; lip 
la temporización; timing 
la visión; insight 
el cambio; shift 
el policía; policeman 
el hábito; habit 
la hoja; sheet 
el delincuente; offender 
la medianoche; midnight 
la ejecución; execution 
la ansiedad; anxiety 
la empresa; enterprise 
la tira; strip 
el pop; pop 
la maravilla; wonder 
la sombra; shadow 
la libertad; liberty 
la ficción; fiction 
la intervención; intervention 
la creación; creation 
la comercialización; marketing 
el cristiano; christian 
la olla; pot 
la pesca; fishing 
el desayuno; breakfast 
el tubo; tube 
la determinación; determination 
la arena; sand 
el permiso; permission 
la directriz; guideline 
la vergüenza; shame 
los disturbios; riot 
el usuario; user 
el órgano; organ 
el resort; resort 
el diseñador; designer 
la comparación; comparison 
el empleo; employment 
el pan; bread 
el deseo; wish 
el amante; lover 
la chaqueta; jacket 
el pase; pass 
el estatuto; statute 
el ritmo; pace 
la trama; frame 
la confusión; confusion 
la garantía; guarantee 
el comisionado; commissioner 
la llama; flame 
la asunción; assumption 
el graduado; graduate 
la entrada; entry 
la sala; ward 
la victoria; win 
la ópera; opera 
la amistad; friendship 
la exposición; exposure 
el cerdo; pig 
el mate; mate 
el nervio; nerve 
la longitud; length 
la vaca; cow 
el paquete; pack 
la instrucción; instruction 
el colapso; collapse 
el asistente; assistant 
la objeción; objection 
el diario; diary 
el erudito; scholar 
la comodidad; comfort 
la preparación; preparation 
la provincia; province 
el pasaje; passage 
el cristal; crystal 
el engranaje; gear 
el trazo; stroke 
la disminución; decline 
el logro; achievement 
la existencia; existence 
la alianza; alliance 
la profesión; profession 
la entrega; delivery 
el editor; publisher 
la simpatía; sympathy 
el plato; dish 
la preocupación; worry 
el componente; component 
la aventura; adventure 
el cultivo; crop 
el golpe; blow 
el pecado; sin 
la pensión; pension 
el garaje; garage 
la radiación; radiation 
el jugo; juice 
el ajuste; setting 
el índice; index 
el vegetal; vegetable 
la asociación; partnership 
la poesía; poetry 
el reconocimiento; recognition 
el auto; self 
el pie; standing 
el tejido; tissue 
la concha; shell 
el capitán; captain 
la tumba; grave 
el rango; rank 
el género; gender 
la escasez; shortage 
el premio; prize 
la capa; coat 
la semilla; seed 
la rata; rat 
el suelo; soil 
la orilla; shore 
la derrota; defeat 
la notificación; notice 
la bota; boot 
el gráfico; chart 
el ministerio; ministry 
el diamante; diamond 
el acabado; finish 
la admisión; admission 
la oscuridad; dark 
el laboratorio; laboratory 
el profesional; professional 
la recompensa; reward 
el bebé; infant 
el texto; text 
la ducha; shower 
la dosis; dose 
el pánico; panic 
la red; net 
el secretario; clerk 
el minero; miner 
la delegación; delegation 
la imaginación; imagination 
la unidad; unity 
el tío; uncle 
el ingrediente; ingredient 
la asignación; assignment 
la moneda; currency 
la batería; battery 
el túnel; tunnel 
la renuncia; resignation 
el comprador; buyer 
la moto; bike 
la emoción; excitement 
el ratón; mouse 
la alarma; alarm 
el poeta; poet 
el paisaje; landscape 
la selección; selection 
el grito; cry 
la separación; separation 
la pantalla; display 
la discapacidad; disability 
el contador; counter 
el campeonato; championship 
la mantequilla; butter 
el retrato; portrait 
el palo; stick 
la ingeniería; engineering 
el mito; myth 
el ensayo; essay 
el frío; cold 
el carbón; coal 
el contraste; contrast 
la observación; observation 
la cola; tail 
el mecanismo; mechanism 
el esquema; scheme 
la presentación; presentation 
el ángel; angel 
el bono; bonus 
la posesión; possession 
el aprendizaje; learning 
la enseñanza; teaching 
la cubierta; deck 
la criatura; creature 
el funcionamiento; running 
la literatura; literature 
la debilidad; weakness 
el azul; blue 
el compromiso; engagement 
la incertidumbre; uncertainty 
la investigación; inquiry 
la motivación; motivation 
el polvo; dust 
el pico; peak 
el instinto; instinct 
la aguja; needle 
la hoja; leaf 
el lanzamiento; launch 
la risa; laugh 
la licencia; leave 
la hierba; grass 
el hierro; iron 
el competidor; competitor 
el complejo; complex 
el frijol; bean 
el polo; pole 
el buque; vessel 
la subvención; subsidy 
la oferta; bid 
el aterrizaje; landing 
la tubería; pipe 
la interpretación; interpretation 
el torneo; tournament 
la cadera; hip 
el diagnóstico; diagnosis 
la revista; journal 
el techo; ceiling 
la exportación; export 
la conciencia; awareness 
la cruz; cross 
el beso; kiss 
el examen; examination 
el imperio; empire 
la sustitución; replacement 
el pato; duck 
la fórmula; formula 
el diablo; devil 
la limitación; limitation 
la compensación; compensation 
la invitación; invitation 
la declaración; declaration 
el significado; significance 
la final; final 
la prima; premium 
la ambulancia; ambulance 
la alfombra; carpet 
el templo; temple 
el constituyente; constituent 
la concesión; concession 
el consentimiento; consent 
la premisa; premise 
el patrimonio; heritage 
el estante; shelf 
la indirecta; hint 
el ritmo; rhythm 
el pasivo; liability 
el talón; heel 
la capa; layer 
la cepa; strain 
el carbono; carbon 
el foro; forum 
el mérito; merit 
el joven; youngster 
la transferencia; transfer 
la distribución; distribution 
la expansión; expansion 
la profundidad; depth 
la manta; blanket 
el reino; kingdom 
el barro; mud 
la llegada; arrival 
el reflejo; reflection 
la envoltura; envelope 
la reserva; reserve 
la caza; hunting 
los muebles; furniture 
el gesto; gesture 
la residencia; residence 
la ambición; ambition 
la uña; nail 
el espectro; spectrum 
el dibujo; drawing 
el entusiasmo; enthusiasm 
la pluma; pen 
la preferencia; preference 
la ausencia; absence 
el oxígeno; oxygen 
la escuadra; squad 
la contaminación; pollution 
la cerradura; lock 
la extensión; extension 
el participante; participant 
el arquitecto; architect 
la magistratura; bench 
la cuerda; rope 
el objetivo; aim 
la evolución; evolution 
el ángulo; angle 
la jurisdicción; jurisdiction 
la carta; charter 
la ideología; ideology 
la marea; tide 
la representación; representation 
la identificación; identification 
la concentración; concentration 
la norma; norm 
la propagación; spread 
el rival; rival 
la decepción; disappointment 
el tribunal; tribunal 
el grano; grain 
la proporción; proportion 
el tonto; fool 
la fusión; merger 
la lealtad; loyalty 
la publicación; publication 
la participación; participation 
el escape; escape 
el accionista; shareholder 
la circunscripción; constituency 
la pintura; paint 
el inodoro; toilet 
el fantasma; ghost 
la atracción; attraction 
el león; lion 
la nave; craft 
la costumbre; custom 
el acantilado; cliff 
el palacio; palace 
la empuñadura; grip 
la proteína; protein 
la exactitud; accuracy 
el robo; theft 
la viuda; widow 
la aceptación; acceptance 
el acento; accent 
el olor; smell 
la salida; departure 
los miembros; membership 
la experiencia; expertise 
la reparación; repair 
la asamblea; assembly 
el resumen; summary 
la lógica; logic 
el límite; boundary 
el equivalente; equivalent 
el titular; holder 
la dimensión; dimension 
el riel; rail 
la transacción; transaction 
la izquierda; left 
la secuencia; sequence 
el festival; festival 
el pozo; pit 
el horizonte; horizon 
el cuenco; bowl 
la compra; purchase 
el demandante; plaintiff 
la tía; aunt 
la equidad; equity 
la carga; load 
el alcance; scope 
la oscuridad; darkness 
el sándwich; sandwich 
la parroquia; parish 
el cierre; closure 
la pila; pile 
la propiedad; ownership 
el origen; origin 
el defensor; defender 
la introducción; introduction 
el descuento; discount 
la ecuación; equation 
la entidad; entity 
el kit; kit 
la psicología; psychology 
la virtud; virtue 
la flexibilidad; flexibility 
el entrenador; trainer 
el continente; continent 
el comerciante; trader 
el baño; bath 
el ladrillo; brick 
el indicador; indicator 
el vendedor; seller 
la promoción; promotion 
el choque; clash 
la característica; characteristic 
la moneda; coin 
la garantía; assurance 
la proposición; proposition 
la lengua; tongue 
el mínimo; minimum 
el colector; collector 
el capitalismo; capitalism 
la cesta; basket 
el marco; framework 
la conciencia; consciousness 
el interruptor; switch 
el alquiler; rent 
la curva; curve 
el algodón; cotton 
el parche; patch 
la importación; import 
el aislamiento; isolation 
la entrada; entrance 
la necesidad; necessity 
la plaza; square 
la empresa; venture 
el vapor; steam 
la agricultura; agriculture 
la transformación; transformation 
las ovejas; sheep 
el cepillo; brush 
el depósito; deposit 
el menú; menu 
el ajuste; adjustment 
el triunfo; triumph 
el consumo; consumption 
el guardián; guardian 
la cortina; curtain 
la satisfacción; satisfaction 
el cálculo; calculation 
la flota; fleet 
el remedio; remedy 
el carril; lane 
el certificado; certificate 
la natación; swimming 
la emisión; emission 
la tela; fabric 
el medio; medium 
la eficiencia; efficiency 
la interacción; interaction 
la cabina; cab 
la Pascua; easter 
la gloria; glory 
la recepción; reception 
la productividad; productivity 
el ácido; acid 
el siervo; servant 
la evaluación; evaluation 
el molino; mill 
la exposición; exhibition 
la suma; sum 
la contraparte; counterpart 
el sargento; sergeant 
el almacenamiento; storage 
la fracción; fraction 
la innovación; innovation 
la postura; stance 
el motor; motor 
el formato; format 
la partícula; particle 
la traza; trace 
el fluido; fluid 
la doctrina; doctrine 
el desarrollador; developer 
la pausa; pause 
la eliminación; removal 
la sensación; sensation 
el dividendo; dividend 
el monopolio; monopoly 
la galería; gallery 
la conferencia; lecture 
el taxi; taxi 
la discreción; discretion 
la carne; flesh 
el comerciante; merchant 
la cantidad; quantity 
la justificación; justification 
el pintor; painter 
el incumplimiento; breach 
el ascensor; lift 
el estanque; pond 
la mejilla; cheek 
el sucesor; successor 
el registro; registration 
la consulta; consultation 
la calificación; qualification 
el proveedor; supplier 
el otoño; autumn 
el hardware; hardware 
el cuero; leather 
el conejo; rabbit 
el párrafo; paragraph 
el compañero; companion 
el corredor; corridor 
el taller; workshop 
la sombra; shade 
el contador; accountant 
la espada; sword 
la formación; formation 
la integración; integration 
los gastos; expenditure 
la entrada; input 
la varilla; rod 
la complejidad; complexity 
la falda; skirt 
el insecto; insect 
el transporte; transport 
La mortalidad; mortality 
la pendiente; slope 
la restauración; restoration 
el nido; nest 
la variación; variation 
la composición; composition 
la corona; crown 
la probabilidad; probability 
la liberación; liberation 
la asistencia; attendance 
el organismo; organism 
la conservación; conservation 
la escultura; sculpture 
el champagne; champagne 
la arquitectura; architecture 
el otro; other 
el señor; lord 
la tv; tv 
la furgoneta; van 
el directorio; directory 
el cien; hundred 
la docena; dozen 
la tesorería; treasury 
la gasolina; petrol 
el comprador; purchaser 
la terraza; terrace 
la avenida; avenue 
los mil; thousand 
la sociología; sociology 
la posada; inn 
la colonia; colony 
la asociación; association 
el príncipe; prince 
la corp; corp 
el muchacho; lad 
el catálogo; catalogue 
la asignación; allocation 
el puerto; harbour 
el abogado; solicitor 
el viajero; traveller 
el conde; earl 
el humor; humour 
el Papa; pope 
la señora; mrs 
el comportamiento; behaviour 
la marca; mark 
el criterio; criterion 
el duque; duke 
la roja; red 
la federación; federation 
el judio; jew 
el coronel; colonel 
la mierda; shit 
el águila; eagle 
el centro; centre 
la señorita; miss 
el higo; fig 
el instituto; institute 
la bahía; bay 
el honor; honour 
la clasificación; classification 
el concejal; councillor 
el alguacil; constable 
la oficina; bureau 
la milla; mile 
el procedimiento; proceeding 
la sentencia; judgement 
el cheque; cheque 
la no; no 
la reina; queen 
el valle; valley 
la pulgada; inch 
las escaleras; stairs 
la fibra; fibre 
el acre; acre 
el blanco; white 
el lago; lake 
el dios; god 
la investigación; enquiry 
la princesa; princess 
la basura; rubbish 
la tonelada; tonne 
la marina; navy 
el cap; chap 
el millón; million 
el programa; programme 
la organización; organisation 
la república; republic 
el porcentaje; percent 
la momia; mummy 
el favorito; favourite 
el cm; cm 
la ilustración; illustration 
la his-; tory 
las ayudas; aids 
el teatro; theatre 
la licencia; licence 
el metro; metre 
la constitución; constitution 
la unión; junction 
la interfaz; interface 
la mirada; gaze 
el pensionista; pensioner 
el constructor; builder 
la universidad; university 
el parque; park 
la colina; hill 
el vecino; neighbour 
el unix; unix 
el favor; favour 
la ciudad; borough 
la redundancia; redundancy 
el rey; king 
la co; co 
el árbitro; ref 
la abadía; abbey 
el rumor; rumour 
el armario; cupboard 
el ayuntamiento; council 
el color; colour 
el dólar; dollar 
la mancomunidad; commonwealth 
el condado; county 
la momia; mum 
la rosa; rose 
la cuba; vat 
la foto; photo 
el camión; lorry 
la defensa; defence 
la tierra; earth 
la plana; flat 
el delito; offence 
el papá; daddy 
el apéndice; appendix 
el whisky; whisky 
la isla; isle 
la marcha; go 
la villa; villa 
el tutor; tutor 
el arzobispo; archbishop 
la fotografía; photograph 
la especificación; specification 
la politécnica; polytechnic 
la zarza; bush 
la frecuencia; frequency 
el seminario; seminar 
el interior; interior 
el verso; verse 
el recibo; receipt 
la raza; breed 
la medición; measurement 
la palma; palm 
el muelle; dock 
el pc; pc 
la desventaja; disadvantage 
la instalación; installation 
el anuncio; advertisement 
la implementación; implementation 
la cartera; portfolio 
la madera; timber 
la cláusula; clause 
el discurso; discourse 
el disco; disc 
la cuchilla; blade 
la relación; ratio 
el contorno; outline 
la adición; addition 
la maquinaria; machinery 
el canal; canal 
lo local; local 
la eliminación; disposal 
la negativa; refusal 
el dominio; domain 
el registro; register 
la auditoría; audit 
la disponibilidad; availability 
la adquisición; acquisition 
la autonomía; autonomy 
la seda; silk 
el haz; beam 
el alojamiento; accommodation 
el solicitante; applicant 
la modificación; modification 
el estaño; tin 
el fragmento; fragment 
el inquilino; tenant 
la conversión; conversion 
el vendedor; vendor 
el practicante; practitioner 
el deleite; delight 
el filtro; filter 
el bronce; bronze 
la puerta; doorway 
la incidencia; incidence 
la restricción; constraint 
el paño; cloth 
el vivero; nursery 
el acreedor; creditor 
la imposición; taxation 
el disco; disk 
el diccionario; dictionary 
la concepción; conception 
el fiduciario; trustee 
la molécula; molecule 
la celebración; holding 
el arrendador; landlord 
la sucesión; succession 
el calor; warmth 
el hechizo; spell 
la capilla; chapel 
el ocio; leisure 
el reinado; reign 
la respuesta; reply 
la duración; duration 
el castillo; castle 
la jerarquía; hierarchy 
la correlación; correlation 
la exclusión; exclusion 
el pub; pub 
la hipótesis; hypothesis 
la lámpara; lamp 
la esfera; sphere 
el canciller; chancellor 
el campesino; peasant 
la salida; output 
el emperador; emperor 
la mirada; glance 
el espécimen; specimen 
la directiva; directive 
la tesis; thesis 
el trabajo; working 
el roble; oak 
el subsidio; allowance 
la bandeja; tray 
el auditor; auditor 
el servidor; server 
la catedral; cathedral 
la piedad; pity 
la variable; variable 
la arcilla; clay 
el carro; carriage 
el cine; cinema 
el folleto; leaflet 
el cobre; copper 
la densidad; density 
la filial; subsidiary 
el despido; dismissal 
la finalización; completion 
el procesador; processor 
el paquete; packet 
la lana; wool 
el encabezamiento; heading 
la gramática; grammar 
el pavimento; pavement 
el receptor; receiver 
el módulo; module 
el ferrocarril; railway 
la pupila; pupil 
el grillo; cricket 
la impresora; printer 
el intervalo; interval 
el diagrama; diagram 
